[
  {
    "page_num": 52,
    "original_key": "randomized controlled trial",
    "matched_text": "Randomized Controlled Trial",
    "suggestion": "randomized clinical trial",
    "reason": "The term 'randomized clinical trial' is a clear, widely understood alternative that maintains scientific rigor and is suitable for public-facing academic or grant text.",
    "bbox": [
      69.35299682617188,
      520.639404296875,
      219.0929412841797,
      532.9710693359375
    ],
    "context": "RE-AIM framework will be used to provide information on external validity.81,82 C.2.2. Randomized Controlled Trial C.2.2.1. Experimental Design. We employ scientific rigor with the use of a"
  },
  {
    "page_num": 59,
    "original_key": "randomized controlled trial",
    "matched_text": "randomized controlled trial",
    "suggestion": "randomized clinical trial",
    "reason": "The term 'randomized clinical trial' is a clear, widely accepted alternative that fits academic and grant contexts and is more accessible to a public audience.",
    "bbox": [
      433.4200134277344,
      183.41748046875,
      509.1289978027344,
      190.67799377441406
    ],
    "context": "demographics, age, BMI, etc.) Effectiveness • Results from Aim 1 from the randomized controlled trial Adoption • Proportion of PCPs who participate (i.e., engage with the portal"
  },
  {
    "page_num": 98,
    "original_key": "environmental determinants",
    "matched_text": "Environmental Determinants",
    "suggestion": "environmental factors",
    "reason": "The term 'environmental factors' is a clear, neutral alternative that fits the context and aligns with AP style and the preference for constructive language.",
    "bbox": [
      54.791500091552734,
      604.4569091796875,
      204.94964599609375,
      616.78857421875
    ],
    "context": "Alabama. J Community Health. 2021 Mar 22; 1-10. PMCID: In progress. 3. Environmental Determinants of Healthy Lifestyles. In addition to intra- and inter-personal influences on health"
  },
  {
    "page_num": 160,
    "original_key": "randomized controlled trial",
    "matched_text": "randomized controlled trial",
    "suggestion": "randomized trial",
    "reason": "Simplifies the term while maintaining accuracy and clarity for a public audience.",
    "bbox": [
      157.22349548339844,
      590.4594116210938,
      285.954345703125,
      602.7910766601562
    ],
    "context": "PI: .ipping, R. (Bristol Medical School) 07/2019 ± 09/2022 A multicenter cluster randomized controlled trial to evaluate the effectiveness and cost-effectiveness of an environmental nutrition and physical"
  },
  {
    "page_num": 192,
    "original_key": "randomized controlled trial",
    "matched_text": "randomized controlled trial",
    "suggestion": "randomized clinical trial",
    "reason": "The term 'randomized clinical trial' is widely understood and appropriate for public-facing academic or grant text, maintaining clarity and accuracy while avoiding overly technical language.",
    "bbox": [
      393.6336975097656,
      212.66358947753906,
      523.730712890625,
      225.9475860595703
    ],
    "context": "J, et al. Community Tele-pal: A community-developed, contextually based palliative care tele-consult randomized controlled trial for southern elders with a life-limiting illness. Trials. 2020. 21:672 f. Lew"
  }
]